Title,A1,A2,A3
manager,RES,RES,RES
senior,RES,RES,RES
engineer,RES,RES,RES
director,RES,RES,RES
assistant,RES,RES,RES
consultant,RES,RES,RES
executive,RES,RES,RES
analyst,RES,RES,RES
sales,FUN,FUN,RES
intern,RES,RES,RES
business,FUN,FUN,FUN
project,FUN,FUN,FUN
marketing,FUN,FUN,FUN
software,FUN,FUN,FUN
development,FUN,FUN,FUN
president,RES,RES,RES
specialist,RES,RES,RES
associate,RES,RES,RES
officer,RES,RES,RES
sr,RES,RES,RES
operations,FUN,FUN,FUN
vice,RES,RES,RES
management,RES,RES,RES
lead,RES,RES,RES
developer,RES,RES,RES
account,FUN,FUN,RES
technical,FUN,FUN,FUN
coordinator,RES,RES,RES
systems,FUN,FUN,FUN
finance,FUN,FUN,FUN
service,FUN,FUN,FUN
financial,FUN,FUN,FUN
services,FUN,FUN,FUN
support,FUN,FUN,FUN
founder,RES,RES,RES
administrator,RES,RES,RES
chief,RES,RES,RES
hr,FUN,FUN,FUN
head,RES,RES,RES
corporate,FUN,FUN,FUN
research,FUN,FUN,FUN
supervisor,RES,RES,RES
technician,RES,RES,RES
human,FUN,FUN,FUN
owner,RES,RES,RES
customer,FUN,FUN,FUN
general,RES,RES,RES
product,FUN,FUN,FUN
program,FUN,FUN,FUN
regional,RES,RES,RES
architect,RES,RES,RES
engineering,FUN,FUN,FUN
principal,RES,RES,RES
member,RES,RES,RES
managing,RES,RES,RES
ceo,RES,RES,RES
resources,FUN,FUN,FUN
representative,RES,RES,RES
global,RES,LOC,LOC
group,RES,RES,RES
team,FUN,FUN,FUN
partner,RES,RES,RES
data,FUN,FUN,FUN
accountant,RES,RES,RES
system,FUN,FUN,FUN
designer,RES,RES,RES
co,RES,RES,RES
audit,FUN,FUN,FUN
student,RES,RES,RES
staff,RES,RES,RES
security,FUN,FUN,FUN
vp,RES,RES,RES
network,FUN,FUN,FUN
technology,FUN,FUN,FUN
board,FUN,FUN,FUN
communications,FUN,FUN,FUN
media,FUN,FUN,FUN
quality,FUN,FUN,FUN
advisor,RES,RES,RES
contract,FUN,FUN,FUN
office,FUN,FUN,O
administrative,FUN,FUN,FUN
design,FUN,FUN,FUN
asia,LOC,LOC,LOC
recruiter,RES,RES,RES
information,FUN,FUN,FUN
oracle,O,O,O
relations,FUN,FUN,FUN
controller,RES,RES,RES
ii,RES,RES,RES
planning,FUN,FUN,FUN
nurse,RES,RES,RES
accounts,FUN,FUN,FUN
solutions,FUN,FUN,FUN
leader,RES,RES,RES
application,FUN,FUN,FUN
legal,FUN,FUN,FUN
accounting,FUN,FUN,FUN
digital,FUN,FUN,FUN
instructor,RES,RES,RES
investment,FUN,FUN,FUN
clinical,FUN,FUN,FUN
client,RES,RES,RES
admin,FUN,FUN,FUN
programmer,RES,RES,RES
web,FUN,FUN,FUN
talent,FUN,FUN,FUN
qa,FUN,FUN,FUN
strategy,FUN,FUN,FUN
production,FUN,FUN,FUN
compliance,FUN,FUN,FUN
social,FUN,FUN,FUN
internal,FUN,FUN,FUN
assurance,FUN,FUN,FUN
tax,FUN,FUN,FUN
process,FUN,FUN,FUN
enterprise,FUN,FUN,FUN
test,FUN,FUN,FUN
contractor,RES,RES,RES
trainer,RES,RES,RES
auditor,RES,RES,RES
internship,RES,RES,RES
health,FUN,FUN,FUN
strategic,FUN,FUN,FUN
training,FUN,FUN,FUN
teacher,RES,RES,RES
risk,FUN,FUN,FUN
department,FUN,FUN,FUN
professional,RES,FUN,FUN
medical,FUN,FUN,FUN
secretary,RES,RES,RES
deputy,RES,RES,RES
counsel,RES,RES,RES
independent,RES,RES,RES
summer,O,O,O
care,FUN,FUN,FUN
field,FUN,FUN,FUN
database,FUN,FUN,FUN
registered,FUN,FUN,FUN
trainee,RES,RES,RES
center,FUN,FUN,FUN
procurement,FUN,FUN,FUN
consulting,FUN,FUN,FUN
international,RES,LOC,LOC
coach,RES,RES,RES
mechanical,FUN,FUN,FUN
control,FUN,FUN,FUN
commercial,FUN,FUN,FUN
clerk,RES,RES,RES
sap,O,O,O
delivery,FUN,FUN,FUN
writer,RES,RES,RES
retail,FUN,FUN,FUN
acquisition,FUN,FUN,FUN
freelance,FUN,FUN,FUN
national,FUN,FUN,FUN
dba,O,O,O
cfo,RES,RES,RES
pharmacy,FUN,FUN,FUN
division,FUN,FUN,FUN
graduate,RES,RES,RES
professor,RES,RES,RES
tech,FUN,FUN,FUN
pacific,RES,LOC,LOC
agent,RES,RES,RES
resource,FUN,FUN,FUN
time,RES,RES,O
chairman,RES,RES,RES
supply,FUN,FUN,FUN
planner,RES,RES,RES
desk,FUN,FUN,FUN
public,FUN,FUN,FUN
editor,RES,RES,RES
logistics,FUN,FUN,FUN
safety,FUN,FUN,FUN
applications,FUN,FUN,FUN
brand,FUN,FUN,FUN
maintenance,FUN,FUN,FUN
operator,RES,RES,RES
store,FUN,FUN,FUN
rn,O,O,O
advisory,RES,RES,RES
estate,FUN,FUN,FUN
real,FUN,FUN,FUN
server,FUN,FUN,FUN
volunteer,RES,RES,RES
banking,FUN,FUN,FUN
electrical,FUN,FUN,FUN
graphic,FUN,FUN,FUN
part,RES,RES,O
adjunct,RES,RES,RES
community,FUN,FUN,FUN
site,FUN,FUN,FUN
market,FUN,FUN,FUN
front,FUN,FUN,FUN
chain,FUN,FUN,FUN
intelligence,FUN,FUN,FUN
iii,RES,RES,RES
investor,RES,RES,RES
infrastructure,FUN,FUN,FUN
reporting,FUN,FUN,FUN
asset,FUN,FUN,FUN
purchasing,FUN,FUN,FUN
computer,FUN,FUN,FUN
scientist,RES,RES,RES
therapist,RES,RES,RES
event,FUN,FUN,FUN
operation,FUN,FUN,FUN
master,FUN,FUN,FUN
relationship,FUN,FUN,FUN
certified,FUN,FUN,FUN
buyer,RES,RES,RES
content,FUN,FUN,FUN
personal,FUN,FUN,FUN
resident,RES,RES,RES
analytics,FUN,FUN,FUN
projects,FUN,FUN,FUN
asst,RES,RES,RES
pharmacist,RES,RES,RES
administration,FUN,FUN,FUN
benefits,FUN,FUN,FUN
learning,FUN,FUN,FUN
payroll,FUN,FUN,FUN
credit,FUN,FUN,FUN
junior,RES,RES,RES
cloud,FUN,FUN,FUN
fellow,RES,RES,RES
property,FUN,FUN,FUN
physician,RES,RES,RES
teaching,FUN,FUN,FUN
treasury,FUN,FUN,FUN
producer,RES,RES,RES
apac,LOC,LOC,LOC
solution,FUN,FUN,FUN
directors,RES,RES,RES
creative,FUN,FUN,FUN
integration,FUN,FUN,FUN
affairs,FUN,FUN,FUN
education,FUN,FUN,FUN
researcher,RES,RES,RES
practice,FUN,FUN,FUN
operating,FUN,FUN,FUN
manufacturing,FUN,FUN,FUN
recruitment,FUN,FUN,FUN
construction,FUN,FUN,FUN
desktop,FUN,FUN,FUN
portfolio,FUN,FUN,FUN
compensation,FUN,FUN,FUN
technologist,RES,RES,RES
equity,FUN,FUN,FUN
experience,O,O,O
committee,RES,RES,RES
area,RES,RES,LOC
singapore,LOC,LOC,LOC
analysis,FUN,FUN,FUN
crew,RES,RES,RES
broker,RES,RES,RES
generalist,RES,RES,RES
china,LOC,LOC,LOC
warehouse,FUN,FUN,FUN
new,O,O,O
cto,RES,RES,RES
recruiting,FUN,FUN,FUN
faculty,RES,RES,RES
food,FUN,FUN,FUN
svp,RES,RES,RES
lecturer,RES,RES,RES
qc,FUN,FUN,FUN
lab,FUN,FUN,FUN
chef,RES,RES,RES
counselor,RES,RES,RES
private,FUN,FUN,FUN
channel,FUN,FUN,FUN
special,RES,RES,RES
implementation,FUN,FUN,FUN
tutor,RES,RES,RES
epic,O,O,NA
cashier,RES,RES,RES
company,FUN,FUN,FUN
strategist,RES,RES,RES
inspector,RES,RES,RES
events,FUN,FUN,FUN
industrial,FUN,FUN,FUN
superintendent,RES,RES,RES
capital,FUN,FUN,FUN
r&d,FUN,FUN,FUN
loan,FUN,FUN,FUN
attorney,RES,RES,RES
flight,FUN,FUN,FUN
trader,RES,RES,FUN
avp,RES,RES,RES
driver,RES,RES,FUN
employee,RES,RES,RES
automation,FUN,FUN,FUN
fund,FUN,FUN,RES
branch,LOC,LOC,FUN
performance,FUN,FUN,RES
java,FUN,FUN,FUN
science,FUN,FUN,FUN
pilot,RES,RES,FUN
unit,FUN,FUN,FUN
ambassador,RES,RES,RES
storage,FUN,FUN,FUN
guest,RES,RES,RES
north,LOC,LOC,LOC
environmental,FUN,FUN,FUN
sourcing,FUN,FUN,FUN
markets,FUN,FUN,FUN
non,RES,RES,RES
laboratory,FUN,FUN,FUN
chair,RES,RES,RES
worker,RES,RES,RES
leasing,FUN,FUN,FUN
facilities,FUN,FUN,FUN
school,FUN,FUN,FUN
patient,FUN,FUN,FUN
mgr,RES,RES,RES
energy,FUN,FUN,FUN
retired,RES,RES,RES
region,LOC,LOC,LOC
engagement,FUN,FUN,FUN
captain,RES,RES,RES
temporary,RES,RES,RES
innovation,FUN,FUN,FUN
leadership,FUN,FUN,FUN
contracts,RES,RES,RES
bi,O,O,O
mentor,RES,RES,RES
undergraduate,RES,RES,RES
healthcare,FUN,FUN,FUN
coo,RES,RES,RES
revenue,FUN,FUN,FUN
south,LOC,LOC,LOC
gm,RES,RES,RES
district,RES,RES,RES
full,RES,RES,RES
physical,FUN,FUN,FUN
receptionist,RES,RES,RES
rep,RES,RES,RES
east,LOC,LOC,LOC
emergency,FUN,FUN,FUN
plant,FUN,FUN,FUN
america,LOC,LOC,LOC
trading,FUN,FUN,FUN
mobile,FUN,FUN,FUN
paralegal,FUN,FUN,FUN
travel,FUN,FUN,FUN
artist,RES,RES,RES
bank,FUN,FUN,FUN
surveyor,RES,RES,RES
advanced,FUN,FUN,FUN
inside,FUN,FUN,FUN
regulatory,FUN,FUN,FUN
banker,RES,RES,RES
insurance,FUN,FUN,FUN
video,FUN,FUN,FUN
attendant,RES,RES,RES
cyber,FUN,FUN,FUN
colorado,LOC,LOC,O
country,LOC,LOC,LOC
advertising,FUN,FUN,FUN
piping,FUN,FUN,FUN
aircraft,FUN,FUN,FUN
end,O,O,O
architecture,FUN,FUN,FUN
nursing,FUN,FUN,FUN
change,O,RES,RES
ux,FUN,FUN,FUN
transformation,FUN,FUN,FUN
trade,FUN,FUN,FUN
medicine,FUN,FUN,FUN
snr,RES,RES,RES
controls,FUN,FUN,FUN
licensed,RES,RES,RES
user,FUN,FUN,FUN
key,FUN,FUN,FUN
expert,RES,RES,RES
civil,FUN,FUN,FUN
claims,FUN,FUN,FUN
first,O,O,O
distribution,FUN,FUN,FUN
communication,FUN,FUN,FUN
educator,RES,RES,RES
mortgage,FUN,FUN,FUN
instructional,FUN,FUN,FUN
home,FUN,FUN,FUN
mining,FUN,FUN,FUN
line,FUN,FUN,FUN
functional,FUN,FUN,FUN
investments,FUN,FUN,FUN
photographer,RES,RES,RES
equipment,FUN,FUN,FUN
help,FUN,FUN,FUN
policy,FUN,FUN,FUN
structural,FUN,FUN,FUN
treasurer,RES,RES,RES
billing,FUN,FUN,FUN
journalist,RES,RES,RES
secretarial,FUN,FUN,FUN
scrum,O,O,O
hse,FUN,FUN,FUN
de,O,O,O
bartender,RES,RES,RES
consumer,RES,RES,RES
erp,FUN,FUN,FUN
improvement,FUN,FUN,FUN
inventory,FUN,FUN,FUN
life,FUN,FUN,O
pr,FUN,FUN,FUN
programs,FUN,FUN,FUN
configuration,FUN,FUN,O
facilitator,RES,RES,RES
case,FUN,FUN,FUN
shift,FUN,FUN,FUN
ibm,O,O,O
english,FUN,FUN,FUN
centre,FUN,FUN,FUN
denver,LOC,LOC,O
cost,FUN,FUN,FUN
devops,FUN,RES,RES
geologist,RES,RES,RES
mba,O,O,O
college,FUN,FUN,FUN
marine,FUN,FUN,FUN
materials,FUN,FUN,FUN
beverage,FUN,FUN,FUN
online,FUN,FUN,FUN
barista,RES,FUN,FUN
rf,O,O,O
agile,O,O,O
pre,FUN,FUN,FUN
sql,FUN,FUN,FUN
etl,O,O,O
founding,RES,RES,RES
unix,FUN,FUN,FUN
government,FUN,FUN,FUN
electronics,FUN,FUN,FUN
teller,RES,RES,RES
section,FUN,FUN,FUN
hardware,FUN,FUN,FUN
ui,FUN,FUN,FUN
gis,FUN,FUN,FUN
partnerships,FUN,FUN,FUN
art,FUN,FUN,FUN
industry,FUN,FUN,FUN
call,FUN,FUN,FUN
level,FUN,FUN,FUN
tier,O,O,O
payable,FUN,FUN,FUN
quantity,FUN,FUN,FUN
category,FUN,FUN,FUN
pediatric,FUN,FUN,O
interim,RES,RES,RES
programme,FUN,FUN,FUN
air,FUN,FUN,FUN
ecommerce,FUN,FUN,FUN
territory,FUN,FUN,FUN
staffing,FUN,FUN,FUN
family,FUN,FUN,FUN
merchandising,FUN,FUN,FUN
sports,FUN,FUN,FUN
success,FUN,FUN,FUN
oil,FUN,FUN,FUN
pmo,O,O,O
handler,RES,RES,RES
mechanic,RES,FUN,FUN
platform,FUN,FUN,FUN
cio,RES,RES,RES
host,RES,RES,RES
processor,RES,RES,RES
career,FUN,FUN,FUN
access,FUN,FUN,FUN
products,FUN,FUN,FUN
architectural,FUN,FUN,FUN
entrepreneur,RES,RES,RES
university,FUN,FUN,FUN
hris,O,O,O
work,FUN,FUN,FUN
west,LOC,LOC,LOC
reporter,RES,RES,RES
organizational,FUN,FUN,O
law,FUN,FUN,FUN
merchandiser,RES,RES,RES
telecommunications,FUN,FUN,FUN
material,FUN,FUN,FUN
practitioner,RES,RES,RES
provider,RES,RES,O
middle,FUN,FUN,FUN
document,FUN,FUN,FUN
author,RES,RES,RES
gas,FUN,FUN,FUN
charge,FUN,FUN,FUN
americas,LOC,LOC,O
stack,FUN,FUN,FUN
room,O,O,O
workforce,O,O,O
operational,FUN,FUN,FUN
helpdesk,FUN,FUN,FUN
advocate,RES,RES,RES
wealth,FUN,FUN,FUN
people,FUN,FUN,FUN
pricing,FUN,FUN,FUN
promotions,FUN,FUN,FUN
various,O,O,O
space,O,O,O
liaison,FUN,FUN,FUN
interior,FUN,FUN,FUN
outreach,FUN,FUN,FUN
dept,FUN,FUN,FUN
testing,FUN,FUN,FUN
package,FUN,FUN,FUN
internet,FUN,FUN,FUN
hospital,FUN,FUN,FUN
jr,RES,RES,RES
tester,RES,RES,RES
release,O,O,O
cook,RES,RES,RES
sea,LOC,LOC,LOC
salesforce,O,O,O
managed,RES,RES,RES
commerce,FUN,FUN,FUN
membership,FUN,FUN,FUN
youth,FUN,FUN,FUN
transportation,FUN,FUN,FUN
windows,O,O,O
shipping,FUN,FUN,FUN
processing,FUN,FUN,FUN
ops,FUN,FUN,FUN
speaker,RES,RES,RES
land,FUN,FUN,FUN
asean,LOC,LOC,LOC
realtor,RES,RES,RES
visual,FUN,FUN,FUN
facility,FUN,FUN,FUN
restaurant,FUN,FUN,FUN
instrumentation,FUN,FUN,FUN
governance,FUN,FUN,FUN
op,FUN,FUN,FUN
telecom,FUN,FUN,FUN
central,LOC,LOC,LOC
electrician,RES,RES,RES
net,FUN,FUN,FUN
us,LOC,LOC,LOC
western,O,O,O
affiliate,RES,RES,O
excellence,O,O,O
chemist,RES,RES,RES
evp,RES,RES,RES
major,RES,RES,RES
language,FUN,FUN,FUN
crm,FUN,FUN,FUN
integrated,FUN,FUN,FUN
sergeant,RES,RES,RES
candidate,RES,RES,RES
iv,RES,O,O
manger,RES,RES,RES
small,O,O,O
md,RES,RES,RES
self,FUN,RES,RES
academic,FUN,FUN,FUN
temp,RES,RES,RES
principle,FUN,RES,RES
direct,RES,RES,RES
underwriter,RES,RES,RES
embedded,FUN,FUN,FUN
commander,RES,RES,RES
aviation,FUN,FUN,FUN
ltd,O,O,O
derivatives,FUN,FUN,FUN
campus,FUN,FUN,FUN
institutional,FUN,FUN,FUN
external,RES,RES,RES
high,O,O,O
catering,FUN,FUN,FUN
litigation,FUN,FUN,FUN
conference,FUN,FUN,FUN
state,RES,FUN,FUN
m&a,O,O,NA
2nd,O,O,NA
dental,FUN,FUN,FUN
prevention,FUN,FUN,FUN
aide,RES,RES,RES
vendor,RES,RES,RES
camp,FUN,FUN,FUN
sustainability,FUN,FUN,FUN
supplier,RES,RES,RES
news,FUN,FUN,FUN
house,FUN,FUN,FUN
therapy,FUN,FUN,FUN
entry,FUN,FUN,FUN
investigator,RES,RES,RES
admissions,FUN,FUN,O
fp&a,O,O,NA
india,LOC,O,O
programming,FUN,FUN,O
clinic,FUN,FUN,FUN
retirement,O,O,O
exec,RES,RES,RES
order,O,O,O
apps,FUN,O,O
japan,LOC,LOC,LOC
council,FUN,FUN,FUN
seasonal,O,O,O
course,FUN,FUN,FUN
fitness,FUN,FUN,FUN
estimator,RES,RES,RES
hotel,FUN,FUN,FUN
instrument,FUN,FUN,FUN
commodity,FUN,FUN,FUN
club,FUN,FUN,FUN
foreman,RES,RES,RES
post,FUN,FUN,FUN
floor,O,FUN,FUN
voice,O,O,O
apprentice,RES,RES,RES
interactive,FUN,O,O
building,FUN,FUN,FUN
growth,FUN,FUN,FUN
copywriter,RES,RES,RES
records,O,O,O
dietitian,RES,RES,O
residential,FUN,FUN,FUN
f&b,FUN,FUN,FUN
income,FUN,FUN,FUN
personnel,RES,RES,RES
wireless,O,O,O
adviser,RES,RES,RES
electronic,FUN,FUN,FUN
organizer,RES,RES,O
surgical,FUN,FUN,O
technologies,FUN,FUN,FUN
occupational,FUN,FUN,FUN
cash,FUN,FUN,FUN
export,FUN,FUN,FUN
search,FUN,FUN,FUN
scheduler,RES,RES,RES
deployment,O,O,O
cad,FUN,FUN,FUN
ios,FUN,FUN,FUN
guide,RES,RES,O
agency,FUN,FUN,FUN
acquisitions,FUN,FUN,FUN
venture,FUN,FUN,FUN
entertainment,FUN,FUN,FUN
fixed,O,FUN,FUN
repair,FUN,FUN,FUN
purchaser,RES,RES,RES
receivable,FUN,FUN,FUN
power,FUN,FUN,FUN
employment,O,O,O
respiratory,FUN,FUN,O
multimedia,FUN,FUN,FUN
class,FUN,FUN,FUN
greater,LOC,LOC,LOC
radio,FUN,FUN,FUN
visiting,FUN,FUN,FUN
linux,O,O,O
shop,FUN,FUN,FUN
positions,O,O,O
peoplesoft,O,O,O
paramedic,RES,RES,O
hospitality,FUN,FUN,FUN
employed,RES,FUN,FUN
ambulatory,O,O,O
police,RES,RES,RES
noc,O,O,O
microsoft,O,O,O
commissioning,FUN,FUN,FUN
pm,RES,RES,RES
fashion,FUN,FUN,FUN
aerospace,RES,RES,RES
insights,FUN,FUN,FUN
shared,O,O,O
organization,FUN,FUN,O
protection,FUN,FUN,FUN
audio,FUN,FUN,FUN
sector,FUN,FUN,FUN
editorial,FUN,FUN,FUN
demand,FUN,FUN,FUN
mountain,O,O,NA
plan,O,O,O
mental,FUN,FUN,O
pa,RES,RES,RES
dpo,RES,RES,RES
ebs,O,O,O
pastor,RES,RES,O
hcm,O,O,O
funds,FUN,FUN,FUN
partnership,FUN,FUN,FUN
chapter,O,O,O
hostess,RES,RES,O
banquet,FUN,FUN,FUN
tour,FUN,FUN,FUN
android,FUN,FUN,FUN
multi,FUN,FUN,FUN
cardiac,FUN,FUN,O
packaging,FUN,FUN,FUN
environment,FUN,FUN,FUN
trust,FUN,FUN,FUN
nutrition,FUN,FUN,FUN
water,FUN,FUN,FUN
proposal,FUN,FUN,FUN
lifeguard,RES,RES,RES
wellness,FUN,FUN,O
broadcast,FUN,FUN,FUN
emerging,FUN,FUN,FUN
mis,O,O,O
music,FUN,FUN,FUN
labor,O,O,O
oncology,FUN,FUN,O
lean,O,FUN,FUN
chemical,FUN,FUN,FUN
machine,FUN,FUN,FUN
assistance,FUN,FUN,FUN
mobility,O,O,O
southeast,LOC,RES,RES
big,O,O,O
sharepoint,O,O,O
sme,FUN,FUN,FUN
brewing,O,O,O
ad,O,O,O
aml,O,O,O
inc,O,O,O
phd,RES,O,O
station,FUN,FUN,FUN
mine,O,O,O
campaign,FUN,FUN,FUN
cabin,FUN,FUN,FUN
europe,LOC,LOC,LOC
b1,O,O,NA
collections,FUN,RES,RES
critical,O,O,O
ip,FUN,O,O
study,O,O,O
com,O,O,O
residence,FUN,FUN,FUN
ap,LOC,RES,RES
transaction,FUN,FUN,FUN
ordinator,O,RES,RES
offshore,FUN,RES,RES
examiner,RES,RES,O
city,RES,O,O
acting,RES,RES,RES
remote,FUN,FUN,FUN
emea,O,O,O
welding,FUN,FUN,FUN
sciences,FUN,FUN,FUN
peer,O,O,O
migration,O,O,O
fleet,FUN,FUN,FUN
night,O,O,O
bookkeeper,RES,RES,RES
promoter,RES,RES,RES
based,O,O,O
scholar,RES,RES,RES
federal,RES,O,O
ehs,O,O,O
cofounder,RES,RES,RES
scm,O,O,O
value,O,O,O
sous,O,O,O
military,FUN,FUN,FUN
courtesy,O,O,O
core,FUN,FUN,FUN
dev,FUN,O,O
satellite,FUN,FUN,O
surgeon,RES,RES,RES
rewards,FUN,FUN,FUN
waiter,RES,RES,RES
behavioral,FUN,O,O
indirect,FUN,FUN,FUN
back,FUN,FUN,FUN
bsn,O,O,NA
publisher,RES,RES,FUN
outside,O,O,O
africa,LOC,LOC,LOC
pc,O,O,O
loss,O,O,O
malaysia,LOC,LOC,LOC
surgery,FUN,O,O
bar,FUN,FUN,FUN
roles,O,O,O
specialty,FUN,FUN,FUN
rigger,RES,RES,RES
translator,RES,RES,RES
local,LOC,LOC,LOC
drafter,RES,RES,RES
waitress,RES,RES,RES
welder,RES,RES,RES
eng,FUN,FUN,FUN
second,RES,RES,RES
optimization,FUN,FUN,O
yoga,FUN,FUN,FUN
job,O,O,O
securities,FUN,FUN,FUN
child,O,O,O
kitchen,FUN,FUN,FUN
duty,O,O,O
world,O,O,O
reliability,FUN,FUN,FUN
alliances,FUN,FUN,O
pro,O,O,O
library,FUN,FUN,FUN
year,O,O,O
relief,RES,RES,RES
distributor,RES,RES,RES
term,O,O,O
budget,FUN,FUN,FUN
sale,FUN,FUN,FUN
mathematics,FUN,FUN,FUN
firmware,FUN,FUN,FUN
branding,FUN,FUN,FUN
transport,FUN,FUN,FUN
icu,O,O,O
lawyer,RES,RES,RES
informatics,FUN,FUN,O
verification,FUN,FUN,O
exchange,FUN,FUN,FUN
doctor,RES,RES,RES
naval,FUN,FUN,FUN
correspondent,RES,RES,RES
contributing,O,O,O
review,FUN,FUN,O
valuation,FUN,FUN,FUN
uk,LOC,LOC,LOC
concierge,FUN,FUN,FUN
contact,FUN,FUN,O
extern,RES,RES,RES
grocery,O,O,O
worldwide,RES,RES,O
merchandise,FUN,FUN,FUN
contracting,O,O,O
kaiser,O,O,NA
fitter,RES,RES,RES
documentation,FUN,FUN,FUN
underwriting,FUN,FUN,FUN
franchise,FUN,FUN,FUN
dealer,RES,RES,RES
san,O,O,O
promotion,FUN,FUN,FUN
contributor,RES,RES,RES
carrier,RES,RES,O
creator,RES,RES,O
transfer,FUN,FUN,FUN
iot,FUN,FUN,FUN
dispatcher,RES,RES,O
logistic,FUN,FUN,FUN
installation,FUN,FUN,FUN
fx,FUN,FUN,FUN
exploration,FUN,FUN,O
virtual,FUN,FUN,FUN
substitute,FUN,FUN,O
game,FUN,FUN,FUN
postdoctoral,RES,FUN,FUN
comcast,O,O,NA
cnc,FUN,FUN,FUN
helper,RES,RES,RES
imaging,FUN,FUN,O
cna,O,O,O
sub,FUN,FUN,FUN
semi,FUN,FUN,FUN
bilingual,FUN,FUN,O
website,FUN,FUN,O
alumni,O,O,O
wholesale,FUN,FUN,FUN
past,O,O,O
traffic,FUN,FUN,FUN
blogger,RES,RES,O
kong,O,LOC,LOC
women,O,O,O
experienced,FUN,FUN,FUN
marcom,FUN,FUN,FUN
lieutenant,RES,RES,RES
coding,FUN,FUN,O
csr,O,O,O
hong,LOC,LOC,LOC
chinese,O,O,O
trauma,FUN,O,O
role,FUN,FUN,FUN
diversity,FUN,FUN,O
dentist,RES,RES,RES
dean,RES,RES,O
arts,FUN,FUN,FUN
former,O,O,O
execution,FUN,FUN,FUN
deli,O,O,O
alliance,FUN,FUN,O
abap,FUN,FUN,FUN
basis,FUN,FUN,FUN
studies,O,O,O
chartering,FUN,FUN,FUN
indonesia,LOC,LOC,LOC
enablement,O,O,O
foreign,RES,LOC,LOC
athletic,O,O,O
equities,FUN,FUN,FUN
grade,FUN,FUN,FUN
incident,O,O,O
pastry,FUN,FUN,FUN
primary,RES,RES,RES
fraud,FUN,FUN,FUN
seo,O,O,O
networking,FUN,FUN,O
institute,FUN,FUN,FUN
recovery,FUN,FUN,O
reservations,FUN,FUN,FUN
blockchain,FUN,FUN,FUN
permanente,O,O,NA
wholesaler,RES,RES,O
marketer,RES,RES,RES
total,O,O,O
usa,LOC,LOC,LOC
actuarial,FUN,FUN,FUN
corp,O,O,O
sonographer,RES,RES,O
defense,FUN,FUN,O
clinician,RES,RES,O
parts,O,O,O
ict,FUN,FUN,FUN
curriculum,FUN,FUN,FUN
proprietor,RES,RES,RES
bus,FUN,FUN,FUN
airline,FUN,FUN,O
3rd,O,O,NA
responsibility,FUN,FUN,O
managment,RES,RES,RES
initiatives,FUN,FUN,O
mission,O,O,O
culture,FUN,FUN,O
cable,O,O,O
australia,LOC,LOC,LOC
lan,O,O,O
networks,FUN,FUN,O
cycle,O,O,O
librarian,RES,RES,RES
quantitative,FUN,FUN,FUN
pte,O,O,O
mts,O,O,O
monitoring,FUN,FUN,FUN
cadet,FUN,FUN,FUN
contracted,O,O,O
jde,O,O,O
commodities,FUN,FUN,FUN
sw,O,O,O
psychology,FUN,FUN,O
asian,LOC,LOC,LOC
webmaster,RES,RES,O
incharge,FUN,FUN,FUN
platoon,FUN,FUN,FUN
computing,FUN,FUN,O
children,FUN,FUN,O
studio,FUN,FUN,FUN
fulfillment,FUN,FUN,FUN
inpatient,FUN,FUN,O
e&i,O,O,NA
scientific,FUN,FUN,FUN
courier,RES,RES,O
divisional,RES,FUN,FUN
distinguished,O,O,O
mate,O,FUN,FUN
structured,FUN,FUN,FUN
retention,O,O,O
math,O,O,O
mutual,FUN,FUN,O
radiology,FUN,FUN,O
workplace,FUN,FUN,O
sigma,O,O,O
overseas,LOC,LOC,LOC
six,O,O,O
airport,FUN,FUN,FUN
ramp,O,O,O
transition,FUN,FUN,O
tv,O,O,O
american,O,O,O
purchase,FUN,FUN,FUN
infantry,FUN,FUN,RES
deck,O,O,O
mgmt,RES,RES,RES
seaman,FUN,FUN,RES
advisors,RES,RES,RES
legislative,FUN,FUN,FUN
hand,FUN,FUN,RES
coder,RES,RES,O
attachment,FUN,FUN,FUN
channels,FUN,O,O
stock,FUN,FUN,LOC
cardiovascular,FUN,FUN,RES
joint,FUN,FUN,FUN
economic,FUN,FUN,FUN
m&e,FUN,O,FUN
subcontract,FUN,FUN,FUN
secretariat,FUN,FUN,FUN
ar,FUN,FUN,FUN
requirements,FUN,FUN,RES
foundation,FUN,FUN,FUN
boulder,O,O,RES
assessment,FUN,FUN,RES
llc,O,O,FUN
economist,RES,RES,RES
hsse,O,O,FUN
beauty,FUN,FUN,FUN
dy,O,O,FUN
nanny,RES,RES,FUN
avionics,FUN,FUN,FUN
interface,FUN,FUN,FUN
emt,O,O,RES
automotive,FUN,FUN,FUN
graphics,FUN,FUN,FUN
avaya,O,O,RES
force,O,O,FUN
nuclear,FUN,FUN,FUN
installer,RES,RES,RES
rocky,O,O,RES
leading,FUN,FUN,FUN
sdpo,O,O,RES
financials,FUN,FUN,O
spa,FUN,FUN,FUN
massage,O,O,FUN
assignment,FUN,FUN,FUN
builder,RES,RES,RES
ski,O,O,RES
factory,FUN,FUN,FUN
united,O,O,O
ms,O,O,O
registrar,O,O,O
solicitor,RES,RES,RES
petroleum,FUN,FUN,FUN
knowledge,FUN,FUN,O
report,O,O,O
flow,O,O,O
open,O,O,O
response,FUN,FUN,O
partners,O,O,O
ground,O,O,O
se,O,O,O
bim,FUN,FUN,FUN
decision,O,O,O
assoc,RES,RES,RES
writing,FUN,FUN,O
limited,O,O,O
patent,FUN,FUN,FUN
onsite,FUN,FUN,O
sabbatical,O,O,O
scheduling,FUN,FUN,O
stylist,RES,RES,RES
placement,FUN,FUN,FUN
sys,O,O,O
presenter,RES,RES,RES
assitant,RES,RES,RES
matter,O,O,O
licensing,FUN,FUN,FUN
association,FUN,FUN,O
cardiology,FUN,FUN,O
meat,O,O,O
latin,O,O,O
utilities,FUN,FUN,O
build,O,O,O
produce,O,O,O
evaluation,FUN,FUN,O
consultancy,FUN,FUN,FUN
golf,O,O,O
interpreter,RES,RES,O
pediatrics,FUN,FUN,O
guard,RES,RES,O
effectiveness,O,O,O
athlete,RES,RES,O
subject,O,O,O
credentialing,O,O,NA
doctoral,FUN,FUN,O
vmware,O,O,O
soccer,O,O,O
wsh,LOC,LOC,LOC
virtualization,FUN,FUN,O
cybersecurity,FUN,FUN,O
servicing,FUN,FUN,O
corporation,FUN,FUN,O
app,O,O,O
identity,O,O,O
show,O,O,O
ai,FUN,FUN,FUN
european,LOC,LOC,LOC
metal,FUN,FUN,FUN
messaging,O,O,O
short,O,O,O
base,FUN,FUN,FUN
martin,O,O,O
3d,O,O,NA
resolution,FUN,FUN,O
mergers,FUN,FUN,FUN
dir,O,O,O
black,O,O,O
drilling,FUN,FUN,FUN
sponsorship,FUN,FUN,FUN
dairy,FUN,FUN,FUN
adult,O,O,O
credentialed,O,O,NA
money,FUN,FUN,FUN
trustee,RES,RES,RES
print,O,O,O
registration,FUN,FUN,O
freight,FUN,FUN,FUN
medicare,FUN,FUN,O
practicum,FUN,FUN,O
sec,O,O,O
basketball,FUN,FUN,O
swim,O,O,O
domestic,FUN,FUN,O
ethics,FUN,FUN,O
shanghai,LOC,LOC,LOC
geospatial,FUN,FUN,O
generation,FUN,FUN,O
enrollment,FUN,FUN,O
outsourcing,FUN,FUN,FUN
start,O,O,O
educational,FUN,FUN,O
hvac,FUN,FUN,FUN
recreation,FUN,FUN,O
evangelist,RES,RES,O
1st,O,O,NA
press,O,O,O
adminstrator,RES,RES,O
threat,FUN,FUN,O
ministry,RES,RES,O
intake,FUN,FUN,FUN
publishing,FUN,FUN,FUN
workshop,FUN,FUN,FUN
dispatch,O,O,O
columnist,RES,RES,O
loyalty,O,O,O
debt,FUN,FUN,FUN
economics,FUN,FUN,O
lease,FUN,FUN,FUN
academy,FUN,FUN,FUN
collaboration,FUN,FUN,O
provisioning,FUN,FUN,O
caregiver,RES,RES,O
third,O,O,O
emc,O,O,O
rehabilitation,FUN,FUN,O
brewer,RES,RES,RES
plans,O,O,O
geophysicist,RES,RES,RES
backup,FUN,FUN,FUN
cross,FUN,FUN,FUN
county,FUN,FUN,O
bd,FUN,FUN,FUN
engine,FUN,FUN,FUN
model,O,O,O
cluster,FUN,FUN,FUN
coordination,FUN,FUN,FUN
shareholder,RES,RES,RES
email,O,O,O
participant,O,O,O
combat,FUN,FUN,O
radiologic,FUN,FUN,FUN
observer,RES,RES,O
actor,RES,RES,O
army,FUN,FUN,O
videographer,RES,RES,RES
clerical,FUN,FUN,O
conversion,O,O,O
machinist,RES,RES,RES
spring,O,O,O
fire,FUN,FUN,FUN
physics,FUN,FUN,O
techno,FUN,FUN,O
cso,RES,RES,RES
inspection,FUN,FUN,O
originator,RES,RES,RES
fico,O,O,O
closing,O,O,O
device,O,O,O
alternative,O,O,O
runner,RES,RES,O
intensive,O,O,O
belt,O,O,O
supervising,FUN,FUN,O
liberty,FUN,FUN,FUN
official,RES,RES,O
frontend,FUN,FUN,O
corps,O,O,O
survey,FUN,FUN,FUN
laborer,RES,RES,O
integrity,FUN,FUN,O
housekeeping,FUN,FUN,FUN
salesperson,RES,RES,RES
associates,RES,RES,RES
lng,FUN,FUN,FUN
veterinary,FUN,FUN,FUN
sound,FUN,FUN,FUN
custom,FUN,FUN,O
standards,FUN,FUN,O
vacation,FUN,FUN,FUN
clients,FUN,FUN,FUN
rooms,FUN,FUN,FUN
lockheed,O,O,NA
draftsman,FUN,FUN,FUN
engg,FUN,FUN,FUN
lending,FUN,FUN,FUN
esl,O,O,O
day,O,O,O
route,FUN,FUN,FUN
judicial,FUN,FUN,O
commissioner,RES,RES,RES
millercoors,O,O,NA
masters,FUN,FUN,O
voip,O,O,O
paraprofessional,RES,RES,O
dance,O,O,O
gl,O,O,O
car,O,O,O
political,FUN,FUN,O
urban,FUN,FUN,FUN
chemistry,FUN,FUN,FUN
coors,O,O,NA
cmo,O,O,O
lifestyle,FUN,FUN,FUN
dynamics,FUN,FUN,O
nutritionist,RES,RES,RES
options,O,O,O
sas,O,O,O
hrbp,FUN,FUN,FUN
reservoir,O,O,O
freelancer,RES,RES,RES
honorary,FUN,FUN,FUN
capacity,FUN,FUN,O
times,O,O,O
modeling,FUN,FUN,O
strategies,FUN,FUN,O
union,O,O,O
segment,FUN,FUN,O
sourcer,RES,RES,O
collection,FUN,FUN,O
relocation,FUN,FUN,O
pharmaceutical,FUN,FUN,FUN
biomedical,FUN,FUN,O
premier,FUN,FUN,O
acute,O,O,O
receiving,FUN,FUN,FUN
benefit,FUN,FUN,O
truck,FUN,FUN,FUN
football,FUN,FUN,O
young,FUN,FUN,O
onboarding,FUN,FUN,O
hub,O,O,O
bakery,FUN,FUN,O
partie,FUN,FUN,FUN
id,O,O,O
mail,FUN,FUN,O
gps,O,O,O
ship,FUN,FUN,FUN
lacrosse,O,O,O
deskside,O,O,O
dining,FUN,FUN,FUN
fuel,FUN,FUN,FUN
solar,FUN,FUN,FUN
geology,FUN,FUN,O
crane,FUN,FUN,FUN
arrow,O,O,O
paper,FUN,FUN,FUN
opportunity,O,O,O
maker,RES,RES,RES
hod,RES,RES,RES
workday,O,O,O
metallurgical,FUN,FUN,O
continuous,O,O,O
audiologist,RES,RES,O
watson,O,O,NA
hiring,FUN,FUN,O
enforcement,FUN,FUN,FUN
midwife,RES,RES,O
relation,FUN,FUN,FUN
starbucks,O,O,NA
module,O,O,O
assets,FUN,FUN,O
navigation,FUN,FUN,O
prn,O,O,O
ems,O,O,O
navigator,RES,RES,O
pipeline,FUN,FUN,O
exercise,FUN,FUN,O
salesman,RES,RES,RES
engr,O,O,O
optical,FUN,FUN,O
saas,O,O,O
chaplain,RES,RES,O
final,O,O,O
ex,RES,RES,RES
vehicle,FUN,FUN,FUN
tools,FUN,FUN,O
photography,FUN,FUN,O
launch,FUN,FUN,O
continuity,FUN,FUN,O
hb,O,O,NA
champion,O,O,O
ba,O,O,O
reconciliation,FUN,FUN,O
sox,O,O,O
natural,FUN,FUN,O
large,O,O,O
drug,FUN,FUN,O
monitor,FUN,FUN,O
outpatient,FUN,FUN,O
landscape,O,O,O
lifting,FUN,FUN,FUN
circulation,FUN,FUN,O
states,RES,RES,O
able,FUN,FUN,FUN
court,FUN,FUN,O
aid,O,O,O
baker,RES,RES,RES
carpenter,RES,RES,O
panel,FUN,FUN,O
check,O,O,O
canada,O,O,O
costing,FUN,FUN,FUN
ta,O,O,O
meeting,FUN,FUN,O
radiation,FUN,FUN,O
mid,O,O,O
hedge,FUN,FUN,FUN
minister,RES,RES,O
presales,FUN,FUN,FUN
book,O,O,O
crisis,FUN,FUN,O
assembly,FUN,FUN,FUN
lighting,FUN,FUN,FUN
taxation,FUN,FUN,O
cargo,FUN,FUN,FUN
crewing,FUN,FUN,FUN
sole,O,O,O
party,O,O,O
mice,O,O,FUN
hadoop,O,O,O
failure,O,O,O
crude,FUN,FUN,FUN
insulation,FUN,FUN,FUN
pipe,FUN,FUN,FUN
validation,FUN,FUN,O
dw,O,O,NA
smart,O,O,O
working,O,O,O
switch,O,O,O
residency,FUN,FUN,O
summit,O,O,O
psychologist,RES,RES,RES
consolidation,FUN,FUN,FUN
commis,O,O,O
adjuster,RES,RES,O
live,O,O,O
import,O,O,O
fargo,O,O,NA
counseling,FUN,FUN,O
startup,FUN,FUN,O
brokerage,FUN,FUN,O
etf,FUN,FUN,FUN
pathologist,RES,RES,O
npi,O,O,O
reservation,FUN,FUN,O
command,O,O,O
privacy,O,O,O
prime,RES,RES,RES
payment,O,O,O
complex,O,O,O
korea,LOC,LOC,LOC
code,FUN,FUN,FUN
medic,RES,RES,O
via,O,O,O
aquisition,FUN,FUN,O
b2b,O,O,NA
copy,O,O,O
individual,O,O,O
grant,FUN,FUN,O
integrator,RES,RES,O
transmission,FUN,FUN,O
beer,O,O,O
na,O,O,O
j2ee,O,O,NA
film,O,O,O
one,O,O,O
inbound,FUN,FUN,O
en,O,O,O
loader,RES,RES,O
evaluator,RES,RES,O
hrms,O,O,O
passenger,FUN,FUN,O
electric,FUN,FUN,O
early,O,O,O
title,O,O,O
skills,FUN,FUN,O
pet,O,O,O
intellectual,FUN,FUN,FUN
animator,RES,RES,RES
taiwan,LOC,LOC,LOC
wells,O,O,NA
microbiology,FUN,FUN,O
warranty,FUN,FUN,O
stage,O,O,O
hospitalist,RES,RES,RES
housekeeper,RES,RES,RES
a&p,O,O,NA
valuer,RES,RES,RES
diver,RES,RES,RES
aws,FUN,FUN,FUN
mm,O,O,O
dj,RES,RES,O
netsuite,O,O,O
premise,FUN,FUN,FUN
edwards,O,O,O
telemarketer,RES,RES,FUN
telephony,O,O,NA
regulation,FUN,FUN,FUN
epm,O,O,NA
interventional,O,O,O
fellowship,FUN,FUN,O
wide,O,O,O
speech,FUN,FUN,O
pathology,FUN,FUN,O
outbound,O,O,O
tennis,FUN,FUN,O
apparel,O,O,O
girls,O,O,O
fi,O,O,O
investigations,FUN,FUN,FUN
pi,O,O,O
centura,O,O,NA
rope,FUN,FUN,FUN
futures,FUN,FUN,FUN
assessor,RES,RES,O
willow,O,O,NA
inflight,FUN,FUN,O
activities,O,O,O
metals,O,O,O
gallery,FUN,FUN,O
confidential,FUN,FUN,FUN
sqa,O,O,O
journalism,FUN,FUN,FUN
cohort,O,O,O
ndt,O,O,O
utility,FUN,FUN,O
payments,FUN,FUN,FUN
petty,O,O,NA
chairperson,RES,RES,O
outdoor,FUN,FUN,O
platforms,FUN,FUN,O
americorps,O,O,NA
analytical,FUN,FUN,FUN
inclusion,O,O,O
flex,O,O,O
financing,FUN,FUN,FUN
hp,O,O,O
comms,FUN,FUN,FUN
cafe,O,O,O
beacon,O,O,O
culinary,FUN,FUN,O
orthopedic,RES,RES,RES
multiple,O,O,O
housing,FUN,FUN,O
forecasting,FUN,FUN,O
psychiatry,FUN,FUN,O
certification,O,O,O
long,O,O,O
st,O,O,O
assist,O,O,O
stewardess,RES,RES,RES
telephone,O,O,O
behavior,FUN,FUN,O
analytic,FUN,FUN,FUN
leisure,O,O,O
reimbursement,FUN,FUN,O
programmes,FUN,FUN,FUN
biology,FUN,FUN,O
lpn,O,O,O
valet,O,O,O
signal,FUN,FUN,O
soc,O,O,O
angel,O,O,O
series,O,O,O
governor,RES,RES,O
firefighter,RES,RES,O
microbiologist,RES,RES,RES
fundraising,FUN,FUN,FUN
london,LOC,LOC,LOC
jd,O,O,O
informatica,O,O,O
pool,O,O,O
reviewer,RES,RES,O
ct,O,O,O
park,O,O,O
settlement,FUN,FUN,FUN
float,O,O,O
television,O,O,O
spec,O,O,O
transplant,FUN,FUN,O
rehab,FUN,FUN,O
hosting,O,O,O
agm,O,O,O
universal,RES,RES,O
portal,O,O,O
living,O,O,O